,country_id,country,code,Latitude,Longitude
0,1,Afghanistan,AF,33.93911,67.709953
1,2,Albania,AL,41.153332,20.168331
2,3,Algeria,DZ,28.033886,1.6596259999999998
3,4,Angola,AO,-11.202691999999999,17.873887
4,5,Argentina,AR,-38.416097,-63.61667199999999
5,6,Armenia,AM,40.069099,45.038189
6,7,Australia,AU,-25.274398,133.775136
7,8,Austria,AT,47.516231,14.550072
8,9,Azerbaijan,AZ,40.143105,47.576927000000005
9,10,Bahrain,BH,26.0667,50.5577
10,11,Bangladesh,BD,23.684994,90.35633100000001
11,12,Belarus,BY,53.709807,27.953389
12,13,Belgium,BE,50.503887,4.469936
13,14,Belize,BZ,17.189877,-88.49765
14,15,Benin,BJ,9.30769,2.315834
15,16,Bhutan,BT,27.514162,90.433601
16,17,Bolivia,BO,-16.290154,-63.588652999999994
17,18,Bosnia and Herzegovina,BA,43.915886,17.679076000000002
18,19,Botswana,BW,-22.328474,24.684866
19,20,Brazil,BR,-14.235004,-51.92528
20,21,Bulgaria,BG,42.733883,25.48583
21,22,Burkina Faso,BF,12.238333,-1.561593
22,23,Burundi,BI,-3.3730559999999996,29.918885999999997
23,24,Cambodia,KH,12.565679,104.990963
24,25,Cameroon,CM,7.3697219999999986,12.354722
25,26,Canada,CA,56.130366,-106.34677099999999
26,27,Central African Republic,CF,6.611110999999998,20.939444
27,28,Chad,TD,15.454166,18.732207
28,29,Chile,CL,-35.675146999999996,-71.542969
29,30,China,CN,35.86166,104.195397
30,31,Colombia,CO,4.570868,-74.297333
31,32,Comoros,KM,-11.6455,43.3333
32,33,Congo (Brazzaville),CG,-0.228021,15.827658999999999
33,34,Congo (Kinshasa),CD,-4.038333000000001,21.758664000000003
34,35,Costa Rica,CR,9.748917,-83.753428
35,36,Croatia,HR,45.1,15.200000099999999
36,37,Cyprus,CY,35.126413,33.429859
37,38,Czech Republic,CZ,49.81749199999999,15.472961999999999
38,39,Denmark,DK,56.26392,9.501785
39,40,Djibouti,DJ,11.825138,42.590275
40,41,Dominican Republic,DO,18.735692999999998,-70.162651
41,42,Ecuador,EC,-1.8312389999999998,-78.18340599999998
42,43,Egypt,EG,26.820553000000004,30.802497999999996
43,44,El Salvador,SV,13.794185,-88.89653
44,45,Estonia,EE,58.595271999999994,25.0136071
45,46,Ethiopia,ET,9.145,40.489672999999996
46,47,Finland,FI,61.92410999999999,25.7481511
47,48,France,FR,46.227638,2.213749
48,49,Gabon,GA,-0.803689,11.609444
49,50,Georgia,GE,32.1656221,-82.9000751
50,51,Germany,DE,51.165690999999995,10.451526
51,52,Ghana,GH,7.946527000000001,-1.0231940000000002
52,53,Greece,GR,39.074208,21.824312
53,54,Guatemala,GT,15.783470999999999,-90.230759
54,55,Guinea,GN,9.945587,-9.696645
55,56,Haiti,HT,18.971187,-72.28521500000001
56,57,Honduras,HN,15.199998999999998,-86.241905
57,58,Hong Kong,HK,22.396428,114.10949699999999
58,59,"Hong Kong S.A.R., China",HK,22.396428,114.10949699999999
59,60,Hungary,HU,47.162494,19.5033041
60,61,Iceland,IS,64.96305100000001,-19.020835
61,62,India,IN,20.593684,78.96288
62,63,Indonesia,ID,-0.789275,113.921327
63,64,Iran,IR,32.427908,53.68804599999999
64,65,Iraq,IQ,33.223191,43.679291
65,66,Ireland,IE,53.41291,-8.243889999999999
66,67,Israel,IL,31.046051000000002,34.851612
67,68,Italy,IT,41.87194,12.56738
68,69,Ivory Coast,CI,7.5399889999999985,-5.5470799999999985
69,70,Jamaica,JM,18.109581,-77.297508
70,71,Japan,JP,36.204824,138.252924
71,72,Jordan,JO,30.585164000000002,36.238414
72,73,Kazakhstan,KZ,48.019573,66.923684
73,74,Kenya,KE,-0.023559,37.906193
74,75,Kosovo,XK,42.6026359,20.902977
75,76,Kuwait,KW,29.311659999999996,47.481766
76,77,Kyrgyzstan,KG,41.20438,74.766098
77,78,Laos,LA,19.856270000000002,102.495496
78,79,Latvia,LV,56.879635,24.603189
79,80,Lebanon,LB,33.854721000000005,35.862285
80,81,Lesotho,LS,-29.609988,28.233608
81,82,Liberia,LR,6.4280550000000005,-9.429499000000002
82,83,Libya,LY,26.3351,17.228331
83,84,Lithuania,LT,55.169438,23.881275
84,85,Luxembourg,LU,49.815273,6.1295829999999984
85,86,Macedonia,MK,41.608635,21.745275
86,87,Madagascar,MG,-18.766947000000002,46.869107
87,88,Malawi,MW,-13.254307999999998,34.301525
88,89,Malaysia,MY,4.210483999999999,101.97576600000001
89,90,Mali,ML,17.570692,-3.9961660000000006
90,91,Malta,MT,35.937496,14.375416
91,92,Mauritania,MR,21.00789,-10.940835
92,93,Mauritius,MU,-20.348404000000002,57.55215200000001
93,94,Mexico,MX,23.634501,-102.552784
94,95,Moldova,MD,47.411631,28.369884999999996
95,96,Mongolia,MN,46.862496,103.84665600000001
96,97,Montenegro,ME,42.708678000000006,19.37439
97,98,Morocco,MA,31.791702,-7.092619999999998
98,99,Mozambique,MZ,-18.665695,35.529562
99,100,Myanmar,MM,21.916221,95.955974
100,101,Namibia,,-22.957639999999998,18.49041
101,102,Nepal,NP,28.394857000000002,84.12400799999998
102,103,Netherlands,NL,52.132633,5.2912659999999985
103,104,New Zealand,NZ,-40.900557,174.88597099999998
104,105,Nicaragua,NC,12.865416,-85.207229
105,106,Niger,NE,17.607789,8.081666
106,107,Nigeria,NG,9.081999,8.675277000000001
107,108,North Cyprus,CY,35.2480359,33.6577243
108,109,Norway,NO,60.47202399999999,8.468945999999999
109,110,Oman,OM,21.4735329,55.975413
110,111,Pakistan,PK,30.375321000000003,69.34511599999999
111,112,Palestinian Territories,PS,31.952162,35.233154
112,113,Panama,PA,8.537981,-80.782127
113,114,Paraguay,PY,-23.442503,-58.44383199999999
114,115,Peru,PE,-9.189967,-75.015152
115,116,Philippines,PH,12.879721,121.77401699999999
116,117,Poland,PL,51.919438,19.145135999999997
117,118,Portugal,PT,39.39987199999999,-8.224454
118,119,Puerto Rico,PR,18.220833,-66.590149
119,120,Qatar,QA,25.354826,51.183884
120,121,Romania,RO,45.943160999999996,24.96676
121,122,Russia,RU,61.52401,105.31875600000001
122,123,Rwanda,RW,-1.940278,29.873888
123,124,Saudi Arabia,SA,23.885942,45.079162
124,125,Senegal,SN,14.497401000000002,-14.452361999999999
125,126,Serbia,RS,44.016521000000004,21.005859
126,127,Sierra Leone,SL,8.460555000000001,-11.779889
127,128,Singapore,SG,1.352083,103.819836
128,129,Slovakia,SK,48.669026,19.699023999999998
129,130,Slovenia,SI,46.151241,14.995463
130,131,Somalia,SO,5.152149,46.199616
131,132,Somaliland Region,SO,9.4117434,46.8252838
132,133,Somaliland region,SO,9.4117434,46.8252838
133,134,South Africa,ZA,-30.559482,22.937506
134,135,South Korea,KR,35.907757000000004,127.766922
135,136,South Sudan,SS,6.876991899999998,31.3069788
136,137,Spain,ES,40.46366700000001,-3.7492199999999998
137,138,Sri Lanka,LK,7.873053999999999,80.77179699999998
138,139,Sudan,SD,12.862807,30.217636
139,140,Suriname,SR,3.9193050000000005,-56.02778299999999
140,141,Swaziland,SZ,-26.522503000000004,31.465866
141,142,Sweden,SE,60.12816100000001,18.643501
142,143,Switzerland,CH,46.818188,8.227511999999999
143,144,Syria,SY,34.80207499999999,38.996815000000005
144,145,Taiwan,TW,23.69781,120.96051499999999
145,146,Taiwan Province of China,TW,23.69781,120.96051499999999
146,147,Tajikistan,TJ,38.861034000000004,71.276093
147,148,Tanzania,TZ,-6.369028,34.888822
148,149,Thailand,TH,15.870032,100.992541
149,150,Togo,TG,8.619543,0.824782
150,151,Trinidad and Tobago,TT,10.691803,-61.222503
151,152,Tunisia,TN,33.886917,9.537499
152,153,Turkey,TR,38.963745,35.243322
153,154,Turkmenistan,TM,38.969719,59.556278000000006
154,155,Uganda,UG,1.373333,32.290275
155,156,Ukraine,UA,48.379433,31.1655799
156,157,United Arab Emirates,AE,23.424076,53.847818000000004
157,158,United Kingdom,GB,55.378051,-3.435973
158,159,United States,US,37.09024,-95.712891
159,160,Uruguay,UY,-32.522779,-55.765834999999996
160,161,Uzbekistan,UZ,41.377491,64.585262
161,162,Venezuela,VE,6.42375,-66.58973
162,163,Vietnam,VN,14.058323999999999,108.277199
163,164,Yemen,YE,15.552726999999999,48.516388
164,165,Zambia,ZM,-13.133897,27.849332
165,166,Zimbabwe,ZW,-19.015438,29.154857
